{
    "sma_window_length": 25,
    "sma_gap": 0.02017081163304353,
    "momentum_lookback": 7,
    "acceleration_threshold": 0.27265410618834895,
    "short_acceleration_threshold": 0.08577163230799632,
    "take_profit_threshold": 4.9983573167104245,
    "cut_loss_threshold": 1.955171845695386,
    "quantity_window": 20,
    "quantity_multiply": 2,
    "short_extra_profit": 1.9352589805341556,
    "rsi_window": 38,
    "rsi_threshold": 39
}