{"sma_window_length": 10, "sma_gap": 0.0005229441626625813, "momentum_lookback": 5, "acceleration_threshold": 0.9849001261479057, "short_acceleration_threshold": 0.2158699802886767, "take_profit_threshold": 3.474152789810135, "cut_loss_threshold": 1.3311392997988032, "quantity_window": 10, "quantity_multiply": 0, "short_extra_profit": 0.8052705818666315, "rsi_window": 5, "rsi_threshold": 5}